X,Y,ec
23.86406167,37.986755,45.88
23.86406867,37.98676726,47.5
23.86406915,37.9867681,48.5
23.86406963,37.98676893,49.5
23.8640701,37.98676976,50
23.86407058,37.9867706,51.5
23.86407112,37.98677155,52.25
23.8640716,37.98677238,52.5
23.86407207,37.98677321,53.13
23.86407255,37.98677405,53
23.86407303,37.98677488,53.75
23.86407357,37.98677583,53.38
23.86407405,37.98677667,54.88
23.86407452,37.9867775,54.88
23.864075,37.98677833,51.5
23.86415008,37.98691848,69.88
23.86415067,37.9869195,70
23.8641525,37.98692271,72
23.86415308,37.98692373,72.63
23.86415367,37.98692475,71.88
23.86415425,37.98692577,73.38
23.86415483,37.98692679,73.38
23.8641555,37.98692796,75.75
23.86415608,37.98692898,75.5
23.86415667,37.98693,76.25
23.86417697,37.98697359,79.25
23.86417768,37.98697418,79.63
23.86417849,37.98697485,80
23.86417919,37.98697544,78.63
23.8641799,37.98697603,78.5
23.86418061,37.98697662,79.25
23.86418131,37.98697721,81.75
23.86418202,37.98697779,82.63
23.86418283,37.98697847,83.13
23.86418353,37.98697906,82.25
23.86418424,37.98697965,84.5
23.86418495,37.98698024,84.88
23.86418566,37.98698082,86.38
23.86418647,37.9869815,86.5
23.86419833,37.98697833,116.75
23.86421208,37.98696966,117.13
23.8642129,37.98696897,115.5
23.86421363,37.98696837,114.38
23.86421435,37.98696777,115
23.86421507,37.98696716,113.63
23.86421579,37.98696656,111
23.86421662,37.98696588,112.25
23.86421734,37.98696527,110.75
23.86421806,37.98696467,107.38
23.86421878,37.98696407,104.63
23.8642196,37.98696338,102.5
23.86422033,37.98696278,102.38
23.86422105,37.98696218,100.38
23.86421874,37.98694097,73.88
23.8642184,37.98693945,73.25
23.8642181,37.98693812,75.88
23.86421781,37.98693679,73.88
23.86421751,37.98693546,72.38
23.86421722,37.98693414,71.88
23.86421688,37.98693262,70.88
23.86420225,37.98690254,70.88
23.86420167,37.98690167,71.5
23.86420108,37.98690079,71.63
23.8642005,37.98689992,71.63
23.86419983,37.98689892,71.88
23.86419925,37.98689804,72
23.86419867,37.98689717,73.5
23.86418443,37.98687552,49.5
23.86418431,37.98687529,47.63
23.86418419,37.98687505,47.25
23.86418407,37.98687481,46.38
23.86418396,37.98687458,45.63
23.86418382,37.98687431,44.75
23.8641837,37.98687407,44.63
23.86418359,37.98687384,44.38
23.86418347,37.9868736,43.63
23.86418333,37.98687333,44
23.86418323,37.9868698,52.13
23.86418311,37.98686956,50.38
23.86418298,37.98686929,51.5
23.86418286,37.98686906,51.25
23.86418274,37.98686882,52.5
23.86418263,37.98686859,53.38
23.86418251,37.98686835,53
23.86418237,37.98686808,53.75
23.86418226,37.98686785,53.88
23.86418214,37.98686761,57
23.86418202,37.98686737,58
23.8641819,37.98686714,59.38
23.86418179,37.9868669,60.13
23.86417778,37.98685722,55.13
23.86417519,37.98685204,52.38
23.86417445,37.98685056,53
23.8641738,37.98684926,52.38
23.86414812,37.98680458,46.38
23.86414756,37.98680346,45.88
23.86414707,37.98680247,45.25
23.86414658,37.98680149,46.88
23.86414609,37.98680051,45.38
23.8641456,37.98679953,45.25
23.86414504,37.9867984,46.5
23.86414454,37.98679742,46.38
23.86414405,37.98679644,46.13
23.86414356,37.98679546,44.63
23.86414307,37.98679447,45.5
23.86414258,37.98679349,45.38
23.86414202,37.98679237,45.88
23.86412633,37.98676774,45
23.86412579,37.9867668,42.63
23.86412532,37.98676598,45.75
23.86412485,37.98676515,46
23.86412438,37.98676433,46.5
23.86412391,37.9867635,46.75
23.86412344,37.98676268,45.5
23.8641229,37.98676173,45.88
23.86412243,37.98676091,46
23.86412195,37.98676008,45.38
23.86412148,37.98675926,46.88
23.86412101,37.98675843,48.13
23.86412047,37.98675749,48
23.86412,37.98675667,49.5
23.86411492,37.9867432,54.75
23.86411433,37.98674226,55.13
23.86411374,37.98674131,56.25
23.86411315,37.98674037,56.63
23.86411256,37.98673943,55.25
23.86411197,37.98673848,55.25
23.8641113,37.98673741,54.75
23.86411071,37.98673646,54.63
23.86411012,37.98673552,54.5
23.86410953,37.98673458,54.88
23.86410894,37.98673364,54.38
23.86410827,37.98673256,54.13
23.86410768,37.98673162,53.63
23.86410709,37.98673067,53.63
23.86408733,37.98670033,38.5
23.86408675,37.98669931,38.13
23.86408617,37.98669829,38.5
23.86408558,37.98669727,38.88
23.86408492,37.9866961,38.25
23.86408433,37.98669508,38.5
23.86408375,37.98669406,39.38
23.86406951,37.98666123,38.13
23.86406897,37.98666029,37.13
23.8640685,37.98665946,37.63
23.86406803,37.98665864,38.13
23.86406756,37.98665781,37.63
23.86406709,37.98665699,38.63
23.86406662,37.98665616,37.88
23.86406608,37.98665522,38.5
23.86406561,37.98665439,39.25
23.86406514,37.98665357,38.25
23.86404195,37.98661454,55.75
23.8640413,37.98661302,55.88
23.86404055,37.9866113,58.13
23.8640332,37.98659802,61
23.86403272,37.98659694,60.25
23.86403223,37.98659586,61.63
23.86403175,37.98659478,61.25
23.86403127,37.98659369,60.38
23.86403079,37.98659261,60.63
23.86403024,37.98659137,61
23.86402976,37.98659029,60.75
23.86402928,37.98658921,62
23.8640288,37.98658813,61.75
23.86402832,37.98658704,61.88
23.86402784,37.98658596,62.13
23.86402728,37.98658473,63.13
23.8640268,37.98658364,62.63
23.86401125,37.98654427,65.75
23.86400942,37.98654106,66.38
23.86400883,37.98654004,63.75
23.86400825,37.98653902,65.63
23.86400767,37.986538,66.25
23.86400708,37.98653698,66.13
23.8640065,37.98653596,65.38
23.86400583,37.98653479,64.75
23.86400525,37.98653377,64.88
23.8639888,37.98650375,66.75
23.86398813,37.98650268,65.75
23.86398754,37.98650173,64.5
23.86398695,37.98650079,65.63
23.86398636,37.98649985,65.13
23.86398578,37.98649891,65.88
23.86398519,37.98649796,66.63
23.86398451,37.98649689,67.13
23.86398392,37.98649594,66.63
23.86396167,37.98645033,63.5
23.86396094,37.98644931,63.75
23.86396021,37.98644829,63.88
23.86395948,37.98644727,63.75
23.86395875,37.98644625,62.63
23.86395792,37.98644508,62.63
23.86395719,37.98644406,64.25
23.8639483,37.98641561,60.38
23.86394866,37.98641502,59.75
23.86394907,37.98641434,59.5
23.86394942,37.98641374,59.5
23.86394978,37.98641315,60.25
23.86395014,37.98641255,61
23.86395049,37.98641196,61.25
23.8639509,37.98641128,62
23.86395126,37.98641068,61
23.86399248,37.98640643,64.5
23.86399344,37.9864081,65.13
23.86399452,37.98641,65
23.86399548,37.98641167,65.5
23.86399643,37.98641333,64.38
23.86399738,37.986415,64
23.86403208,37.98647917,65.38
23.86403383,37.98648267,63.88
23.8640345,37.986484,62.63
23.86403508,37.98648517,62.5
23.86403567,37.98648633,62.25
23.86403625,37.9864875,63.75
23.86403683,37.98648867,62.5
23.8640375,37.98649,62.38
23.86403808,37.98649117,62.88
23.86404684,37.98651559,62.38
23.86404758,37.98651818,62.5
23.86404781,37.98651901,63.88
23.86404805,37.98651983,64.63
23.86404828,37.98652066,64
23.86404855,37.9865216,64.5
23.86404879,37.98652242,63.5
23.86404902,37.98652325,65.25
23.86404926,37.98652407,65
23.8640495,37.9865249,64.63
23.86404977,37.98652584,65.13
23.86405,37.98652667,61.75
23.8640673,37.98655605,60.5
23.86406863,37.98655827,58.88
23.86406907,37.98655901,57.5
23.86406958,37.98655985,56.63
23.86407002,37.98656059,57.13
23.86407046,37.98656133,55.88
23.86407091,37.98656207,55.25
23.86407135,37.98656281,54.38
23.86407854,37.98658202,43.13
23.86407997,37.98658452,44.63
23.86408051,37.98658548,44.75
23.86408099,37.98658631,45.13
23.86408146,37.98658714,44.5
23.86408194,37.98658798,43.88
23.86408241,37.98658881,41.13
23.86408296,37.98658976,44
23.86408344,37.9865906,43.75
23.86408391,37.98659143,42.25
23.86408439,37.98659226,43.25
23.86410234,37.98661909,37.63
23.86410282,37.98661993,38.13
23.8641033,37.98662077,37.13
23.86410378,37.98662162,37.5
23.86410426,37.98662246,37.88
23.86410481,37.98662342,37.63
23.86410529,37.98662426,38.38
23.86410577,37.9866251,38
23.86410625,37.98662595,37.38
23.86416871,37.98672921,40.88
23.86417008,37.98673242,38.13
23.86417052,37.98673344,39.75
23.86417096,37.98673446,41.13
23.8641714,37.98673548,41.38
23.86417189,37.98673665,41.75
23.86417233,37.98673767,41.5
23.86417277,37.98673869,42.13
23.86417321,37.98673971,41.38
23.86417359,37.98674059,40.5
23.86417399,37.98674153,40.63
23.86417434,37.98674236,40.5
23.8641747,37.98674318,39.63
23.86417505,37.98674401,39.75
23.8641754,37.98674483,41.13
23.86417581,37.98674577,41.13
23.86417616,37.9867466,41.38
23.86417652,37.98674742,41
23.86417687,37.98674825,41.25
23.86417722,37.98674907,41.75
23.86417757,37.9867499,41.25
23.86417798,37.98675084,42.25
23.86417833,37.98675167,42
23.86419009,37.98677345,45.13
23.86419067,37.98677428,46.13
23.86419135,37.98677522,45.63
23.86419194,37.98677604,44.75
23.86419253,37.98677687,45.25
23.86419311,37.98677769,45.75
23.8641937,37.98677852,42.88
23.86419429,37.98677934,46.13
23.86419497,37.98678029,46.5
23.86419555,37.98678111,46
23.86419615,37.98678194,46.38
23.86419673,37.98678276,45.5
23.86419732,37.98678359,46.63
23.864198,37.98678453,45.25
23.86421013,37.98681318,50.88
23.86421089,37.98681424,52
23.86421175,37.98681545,51.13
23.86421251,37.98681652,51.88
23.86421327,37.98681758,52
23.86421403,37.98681864,52.38
23.864215,37.98682,52.25
23.86423204,37.98684254,65.5
23.86423336,37.9868456,65.88
23.86423379,37.98684662,67.38
23.86423429,37.98684779,66.63
23.86423473,37.98684881,68.38
23.86423517,37.98684983,69.13
23.86423561,37.98685085,66.13
23.86423604,37.98685187,69.88
23.86423654,37.98685304,69
23.86425173,37.98687344,70.75
23.86425217,37.98687418,71.88
23.86425356,37.9868765,69.63
23.86425401,37.98687724,68.63
23.86425445,37.98687797,67.5
23.86425489,37.98687871,67.63
23.86425534,37.98687945,68.75
23.86425584,37.9868803,68.75
23.86425629,37.98688103,69
23.86427859,37.98692348,79.38
23.86427918,37.98692384,83.38
23.86427985,37.98692424,83.88
23.86428044,37.9869246,84.88
23.86428103,37.98692495,85.5
23.86428162,37.9869253,85.75
23.8642822,37.98692566,88.25
23.86428288,37.98692606,89.5
23.86428347,37.98692641,89.38
23.86428406,37.98692677,92.38
23.86428465,37.98692712,92.5
23.86428524,37.98692747,93.5
23.86428591,37.98692788,95.25
23.8642865,37.98692823,96.25
23.86431055,37.98692802,104.5
23.8643125,37.98692759,104.13
23.86431445,37.98692716,102.75
23.86431667,37.98692667,100.38
23.86431727,37.98692595,99.38
23.86431787,37.98692522,95.38
23.86431847,37.9869245,94.63
23.86431907,37.98692378,93.63
23.86431967,37.98692306,93.13
23.86432036,37.98692223,90.88
23.86432096,37.98692151,89.25
23.86432156,37.98692079,87.5
23.86432217,37.98692007,85.38
23.86432277,37.98691935,84.88
23.86432345,37.98691852,83.63
23.86432406,37.9869178,81.75
23.86432466,37.98691708,80.88
23.86428975,37.98685455,68.75
23.86428916,37.98685348,67.25
23.86428848,37.98685227,67.5
23.8642879,37.98685121,68.63
23.86428731,37.98685015,69.88
23.86428672,37.98684909,69.88
23.86428613,37.98684803,71.38
23.86428546,37.98684682,68.75
23.86428486,37.98684576,70.75
23.86428428,37.9868447,71
23.86428369,37.98684364,71.38
23.8642831,37.98684258,71.13
23.86428242,37.98684136,71.75
23.86428184,37.9868403,71.5
23.86427495,37.98682599,71.63
23.8642746,37.98682517,71.25
23.86427424,37.98682434,71.38
23.86427389,37.98682352,71.75
23.86427353,37.98682269,71.88
23.86427313,37.98682175,72.25
23.86427278,37.98682093,71.75
23.86427242,37.9868201,72
23.86427207,37.98681928,73.38
23.86427167,37.98681833,73.13
23.86424642,37.98677944,50.63
23.864244,37.986774,49.5
23.86424342,37.98677269,48.88
23.86424283,37.98677138,47.25
23.86424225,37.98677006,47.5
23.86424158,37.98676856,46.75
23.864241,37.98676725,46.88
23.86424042,37.98676594,45.38
23.86421146,37.98671446,41.5
23.8642111,37.9867135,41.63
23.86421075,37.98671255,40.88
23.86421039,37.9867116,40.75
23.86420998,37.98671051,41.5
23.86420963,37.98670956,39.75
23.86420927,37.98670861,40.38
23.86420891,37.98670765,39.63
23.86420856,37.9867067,40.38
23.86420815,37.98670561,40.75
23.86420779,37.98670466,41.5
23.86420743,37.98670371,38.38
23.86420707,37.98670276,37.88
23.86419818,37.98669131,40.5
23.86419379,37.98668106,39.13
23.86419712,37.98668884,40.38
23.86419313,37.98667944,40.63
23.86419276,37.98667847,40.5
23.8641924,37.9866775,41
23.86419203,37.98667653,41.38
23.86419161,37.98667542,40.25
23.86419125,37.98667444,42
23.86419088,37.98667347,41.88
23.86419052,37.9866725,42
23.86419016,37.98667153,42.63
23.86418974,37.98667042,41.25
23.86418937,37.98666944,44.13
23.86418901,37.98666847,44.38
23.86418864,37.9866675,44.13
23.86417844,37.98665048,55
23.8641776,37.98664931,54.38
23.86417687,37.98664829,56.38
23.86417614,37.98664727,57
23.86417542,37.98664625,56.5
23.86417469,37.98664523,58.13
23.86417385,37.98664406,57.38
23.86416062,37.98661623,41.38
23.86415996,37.98661492,41.38
23.86415938,37.98661377,39.38
23.86415881,37.98661261,42
23.86415823,37.98661146,40.88
23.86415766,37.98661031,41.5
23.864157,37.98660899,41.88
23.86414603,37.98658565,38.5
23.86414382,37.98658211,40.5
23.86414298,37.98658076,38.75
23.86414224,37.98657958,37.63
23.8641415,37.9865784,37.75
23.86414076,37.98657722,37.25
23.86414002,37.98657603,39.5
23.86413918,37.98657468,38.38
23.86413844,37.9865735,39.13
23.86413126,37.98656096,40.13
23.86413079,37.98656013,41.38
23.86413032,37.98655931,40.88
23.86412985,37.98655848,41.63
23.86412938,37.98655766,41
23.86412884,37.98655672,41.25
23.86412837,37.98655589,41.5
23.86412789,37.98655507,42.13
23.86412743,37.98655424,42.63
23.86412695,37.98655342,42.75
23.86412641,37.98655247,42.5
23.86412594,37.98655165,42.13
23.86412547,37.98655082,41.38
23.86412492,37.98654987,42.13
23.86412197,37.98654515,43.63
23.86412138,37.98654421,43.25
23.86412071,37.98654313,43.75
23.86412012,37.98654219,44.38
23.86411953,37.98654125,44.63
23.86411894,37.9865403,45.88
23.86411835,37.98653936,45.5
23.86411776,37.98653842,45.88
23.86411709,37.98653734,45.63
23.86409658,37.98650148,55.63
23.86409594,37.98650021,57.75
23.86409394,37.98649621,60
23.8640933,37.98649494,61.25
23.86409267,37.98649367,61.75
23.86409203,37.98649239,62.38
23.86408299,37.98647778,67.38
23.86408239,37.98647682,67.63
23.8640817,37.98647572,69.25
23.8640811,37.98647476,67.75
23.8640805,37.9864738,69.38
23.8640799,37.98647284,70.75
23.8640793,37.98647187,67.75
23.86407861,37.98647077,69.63
23.86407801,37.98646981,69
23.86407741,37.98646885,70.25
23.8640768,37.98646789,70.5
23.8640762,37.98646692,70.63
23.86407552,37.98646582,70.88
23.864075,37.986465,68.88
23.864075,37.986465,68.63
23.86407488,37.98646464,69.38
23.86407312,37.98645936,68
23.8640727,37.98645809,68
23.86407227,37.98645682,67.5
23.86407179,37.98645536,69.75
23.86407141,37.9864544,68.13
23.86407106,37.98645357,69.75
23.8640707,37.98645274,68.88
23.86407034,37.9864519,68.63
23.86406993,37.98645095,68.25
23.86406957,37.98645012,69.25
23.86406922,37.98644929,67
23.86406886,37.98644845,69.13
23.8640685,37.98644762,69.75
23.8640681,37.98644667,69.13
23.86406774,37.98644583,67.88
23.86406738,37.986445,67.75
23.86406702,37.98644417,66
23.86406667,37.98644333,66
23.8640599,37.98643154,65.13
23.86405916,37.98643065,63.75
23.86405684,37.98642787,64.75
23.8640561,37.98642698,65.75
23.86405536,37.9864261,66.38
23.86405462,37.98642521,67.5
23.86405388,37.98642432,67.63
23.86405314,37.98642344,67.25
23.8640523,37.98642243,67
23.86404303,37.98639222,60.13
23.86404331,37.98639093,61.75
23.8640436,37.98638963,61.38
23.86404389,37.98638833,61.25
23.86404418,37.98638704,61.38
23.86404451,37.98638556,62
23.8640448,37.98638426,61.75
23.86408047,37.98637207,63.88
23.8640813,37.98637278,63.38
23.86408212,37.98637348,62.5
23.86408295,37.98637419,61.88
23.86408389,37.986375,62.5
23.86408471,37.98637571,63.13
23.86408554,37.98637641,63
23.86408636,37.98637712,61.75
23.86408719,37.98637783,63.5
23.86408813,37.98637864,62.5
23.86408896,37.98637934,62.75
23.86408978,37.98638005,61.75
23.86409061,37.98638076,61.63
23.86409155,37.98638157,63
23.86410342,37.98640679,56.13
23.86410401,37.98640768,56
23.86410586,37.98641046,56
23.86410646,37.98641135,55.25
23.86410705,37.98641224,54.5
23.86410772,37.98641325,54.63
23.86410831,37.98641414,54.38
23.8641089,37.98641502,52.75
23.86410949,37.98641591,52.5
23.86415524,37.98648876,35.38
23.86415876,37.98649491,37.13
23.86415961,37.98649639,37.38
23.86416058,37.98649809,36.75
23.86416142,37.98649958,36.25
23.8642184,37.98660543,40.5
23.86421922,37.98660675,41.38
23.86421994,37.9866079,41.13
23.86422066,37.98660905,40.13
23.86422138,37.98661021,38.88
23.8642221,37.98661136,40.25
23.86422292,37.98661267,38.25
23.86424867,37.98665568,41.38
23.86424915,37.98665663,41.88
23.86424963,37.98665759,39.25
23.86425017,37.98665867,40.63
23.86425065,37.98665963,40.25
23.86425112,37.98666058,39.25
23.8642516,37.98666153,38.88
23.86425208,37.98666248,40.38
23.86425262,37.98666357,41.38
23.86425309,37.98666452,41.5
23.86425357,37.98666548,41.25
23.86425405,37.98666643,39.75
23.86425452,37.98666738,42.13
23.86427196,37.98670023,43.5
23.86427247,37.98670158,44.75
23.86427291,37.98670276,44.63
23.86427336,37.98670395,44.88
23.8642738,37.98670513,45.38
23.86427424,37.98670631,45.5
23.86427468,37.98670749,44.88
23.8642899,37.98673428,58.13
23.86429025,37.98673487,58.13
23.86429061,37.98673545,58.88
23.86429096,37.98673604,60.13
23.86429131,37.98673663,60.38
23.86429167,37.98673722,61
23.86429207,37.9867379,60.63
23.86429242,37.98673848,60.75
23.86429278,37.98673907,60.13
23.86429313,37.98673966,60.5
23.86429848,37.98675035,64.63
23.86429884,37.98675118,65.5
23.86429919,37.986752,65
23.8642996,37.98675295,67.13
23.86429995,37.98675377,66.75
23.8643003,37.9867546,67
23.86430066,37.98675542,66.88
23.86430106,37.98675636,66.38
23.86430141,37.98675719,66.88
23.86430177,37.98675801,66.75
23.86430212,37.98675884,66.88
23.86430247,37.98675966,65.38
23.86430288,37.98676061,64.38
23.86430328,37.98676155,65.13
23.8643103,37.98677414,66.5
23.86431066,37.98677508,66.38
23.86431101,37.98677603,65.75
23.86431136,37.98677697,66.75
23.86431177,37.98677805,68.25
23.86431212,37.98677899,66.88
23.86431247,37.98677993,68.38
23.86431283,37.98678088,68.38
23.86431318,37.98678182,67.63
23.86431359,37.9867829,67.38
23.86431394,37.98678384,67.75
23.86431429,37.98678478,67.88
23.86431465,37.98678572,68
23.864315,37.98678667,66.75
23.86436921,37.98687858,73.63
23.86437242,37.9868795,77.75
23.86437344,37.98687979,79.38
23.86437446,37.98688008,79.88
23.86437548,37.98688037,81.88
23.8643765,37.98688067,83
23.86437767,37.986881,83.25
23.86437869,37.98688129,83.25
23.86437971,37.98688158,82
23.86438068,37.98688158,83.88
23.86438163,37.98688146,83.88
23.86438272,37.98688133,83.13
23.86438367,37.98688121,84.63
23.86438463,37.98688109,84.75
23.86438558,37.98688097,85
23.86438653,37.98688085,85.88
23.86438762,37.98688071,86.13
23.86438857,37.9868806,86
23.86438952,37.98688048,85.38
23.86439048,37.98688036,85.5
23.86439143,37.98688024,85.25
23.86439252,37.9868801,85.75
23.86439323,37.98683613,64.75
23.86439276,37.98683378,63.63
23.86439261,37.98683303,63.38
23.86439246,37.98683229,64.13
23.86439231,37.98683154,63.5
23.86439216,37.98683079,64.63
23.86439201,37.98683004,63.5
23.86439184,37.98682919,64.38
23.86437937,37.98680758,63.75
23.86437719,37.98680496,62.25
23.86437635,37.98680396,62.13
23.86437563,37.98680308,61.38
23.8643749,37.98680221,61.75
23.86437417,37.98680133,61.63
23.86437344,37.98680046,61
23.8643726,37.98679946,60.75
23.86437188,37.98679858,60.38
23.86437125,37.98679783,61
23.86437066,37.98679712,60.63
23.86437007,37.98679641,61.25
23.86436939,37.98679561,61.63
23.86436881,37.9867949,62.88
23.86436821,37.98679419,63
23.86436763,37.98679348,62.63
23.86436704,37.98679278,62.63
23.86436645,37.98679207,62
23.86436578,37.98679126,63.38
23.86436519,37.98679056,64.13
23.8643646,37.98678985,63.88
23.86436401,37.98678914,64.5
23.86436342,37.98678843,63.63
23.86435983,37.98677967,62.25
23.86435925,37.9867785,61.75
23.86435742,37.98677483,62.63
23.86435683,37.98677367,63.63
23.86435625,37.9867725,63.5
23.86435567,37.98677133,63.25
23.86435508,37.98677017,63.38
23.8643545,37.986769,63.5
23.86435383,37.98676767,63.88
23.8643415,37.98674601,69.38
23.86434031,37.98674123,67.88
23.86434002,37.98674008,64.63
23.86433973,37.98673893,67.25
23.86433944,37.98673778,66.88
23.86433916,37.98673663,66.5
23.86433883,37.98673531,68.63
23.86433854,37.98673416,68.75
23.86432975,37.98672288,64
23.86432916,37.98672182,65
23.86432857,37.98672076,65.63
23.86432798,37.9867197,64.63
23.86432731,37.98671848,64.88
23.86432672,37.98671742,65.5
23.86432613,37.98671636,63
23.86432554,37.9867153,65.63
23.86432495,37.98671424,65.38
23.86432428,37.98671303,64.63
23.86432369,37.98671197,63.13
23.8643231,37.98671091,61.88
23.86432251,37.98670985,61.38
23.86432183,37.98670864,62
23.86430799,37.9866794,52
23.86430752,37.98667857,49
23.86430704,37.98667774,48.88
23.8643065,37.98667679,47.38
23.86430602,37.98667595,47.75
23.86430555,37.98667512,47
23.86430507,37.98667429,47.5
23.86430459,37.98667345,45.5
23.86430411,37.98667262,46.88
23.86430357,37.98667167,45.63
23.8643031,37.98667083,47.13
23.86430262,37.98667,46.63
23.86430214,37.98666917,47.75
23.86429154,37.98665138,45.5
23.86429111,37.98665035,47
23.86428979,37.98664729,45.63
23.86428935,37.98664627,45
23.86428885,37.9866451,46.13
23.86428842,37.98664408,46.5
23.86428798,37.98664306,46.5
23.86428754,37.98664204,43.88
23.8642871,37.98664102,45.88
23.86428663,37.98663992,46.38
23.8642864,37.98663933,46.75
23.86428616,37.98663874,45
23.86428593,37.98663815,46.13
23.86428569,37.98663756,45.88
23.86428546,37.98663697,45.88
23.86428519,37.9866363,45
23.86428495,37.98663571,44.75
23.86428471,37.98663512,45.88
23.86428448,37.98663453,43.63
23.86428424,37.98663394,46.38
23.86428397,37.98663327,46.75
23.86428374,37.98663268,46.88
23.8642835,37.98663209,46
23.86427333,37.98661567,56.75
23.8642726,37.98661435,56
23.86427177,37.98661285,56.38
23.86427104,37.98661154,55.13
23.86427031,37.98661023,55
23.86426958,37.98660892,57.13
23.86426885,37.9866076,57.5
23.86426803,37.98660631,56.75
23.86426731,37.98660548,56.5
23.8642666,37.98660464,54.75
23.86426589,37.98660381,54.75
23.86426517,37.98660298,54
23.86426435,37.98660202,53.75
23.86426364,37.98660119,54.88
23.86426292,37.98660036,52
23.86426221,37.98659952,52.25
23.8642615,37.98659869,50.38
23.86426078,37.98659786,49.88
23.86425997,37.9865969,49.88
23.86425925,37.98659607,49.88
23.86425854,37.98659524,50
23.86424959,37.98658261,45.13
23.86424778,37.98657944,45.5
23.8642472,37.98657844,45.13
23.86424663,37.98657743,45.63
23.86424605,37.98657642,46.38
23.86424539,37.98657527,45.5
23.86424481,37.98657426,45.88
23.86424424,37.98657325,45.38
23.86424358,37.9865721,44.38
23.86424318,37.98657136,45.13
23.86424278,37.98657056,45.88
23.86424243,37.98656985,43.5
23.86424207,37.98656914,44.88
23.86424172,37.98656843,45.38
23.86424136,37.98656773,45.25
23.86424096,37.98656692,43.63
23.86424061,37.98656621,44.5
23.86424025,37.98656551,44.38
23.8642399,37.9865648,45
23.86423955,37.98656409,44.63
23.86423914,37.98656328,45
23.86423879,37.98656258,42.88
23.86423844,37.98656187,43.25
23.86423333,37.98654833,44
23.8642329,37.98654731,43.63
23.86423152,37.9865441,43.63
23.86423108,37.98654308,44
23.86423064,37.98654206,44.13
23.86423015,37.9865409,43.75
23.86422971,37.98653987,44.75
23.86422927,37.98653885,44.75
23.86422883,37.98653783,44.88
23.8642284,37.98653681,45.75
23.86418949,37.98645584,38.38
23.8641865,37.98645107,38.88
23.86418578,37.98644992,38.63
23.86418506,37.98644877,38.5
23.86418434,37.98644761,38.63
23.86418362,37.98644646,39
23.8641828,37.98644514,38.38
23.86418208,37.98644399,39.25
23.86417313,37.98642959,39
23.86417277,37.98642888,39.38
23.86417241,37.98642816,39.38
23.86417206,37.98642745,39.25
23.86417165,37.98642663,40.25
23.86417129,37.98642592,40.63
23.86417094,37.9864252,41.13
23.86417058,37.98642449,40.88
23.86417022,37.98642378,41.63
23.86416986,37.98642306,38.5
23.86416945,37.98642224,40.88
23.8641691,37.98642153,41.25
23.86416874,37.98642082,41.5
23.86416833,37.98642,41
23.86415802,37.98639938,43.88
23.86415766,37.98639866,44.5
23.8641573,37.98639794,44.75
23.86415694,37.98639722,45.25
23.86415653,37.98639639,44.88
23.86415617,37.98639567,44.75
23.86415581,37.98639495,45.5
23.86415545,37.98639423,45.88
23.86415509,37.98639351,42.75
23.86415467,37.98639268,44.63
23.86415431,37.98639196,45.38
23.86415395,37.98639124,45
23.86415359,37.98639052,45.13
23.86414721,37.98632673,41.88
23.86414816,37.98632685,42.5
23.86414912,37.98632697,42.25
23.8641502,37.98632711,42
23.86415116,37.98632723,39.13
23.86415211,37.98632735,40.75
23.86415306,37.98632747,40.88
23.86415401,37.98632759,38.38
23.86415497,37.9863277,39.63
23.86415605,37.98632784,39.25
23.86415701,37.98632796,40.13
23.86415796,37.98632808,38.63
23.86415891,37.9863282,38.25
23.86416,37.98632833,36.25
23.86417683,37.98634034,36.5
23.86417743,37.98634152,37.13
23.8641792,37.98634506,37.38
23.86417979,37.98634624,37.13
23.86418046,37.98634759,37
23.86418106,37.98634878,36.38
23.86418164,37.98634996,35.75
23.86418224,37.98635114,36.13
23.86418283,37.98635232,37
23.86422527,37.9864273,37.63
23.86422591,37.98642879,37.75
23.86422655,37.98643027,36.75
23.86422718,37.98643176,37.13
23.86422782,37.98643324,35.5
23.86422845,37.98643473,37.38
23.86422918,37.98643642,36.88
23.86422982,37.98643791,35.88
23.86423688,37.98644885,42.13
23.86423712,37.98644946,37.63
23.86423736,37.98645007,41.25
23.86423761,37.98645068,43.25
23.86423788,37.98645137,42.13
23.86423813,37.98645198,43.13
23.86423837,37.98645259,42.38
23.86423861,37.98645319,42.63
23.86423886,37.9864538,43.13
23.8642391,37.98645441,43
23.86423938,37.9864551,42.38
23.86423962,37.98645571,42.5
23.86423986,37.98645632,41.63
23.86426033,37.98649233,43.75
23.86426077,37.98649321,46.88
23.86426121,37.98649408,47
23.86426165,37.98649496,46.25
23.86426208,37.98649583,46.5
23.86426252,37.98649671,45.5
23.86426302,37.98649771,44.75
23.86427542,37.98652418,54.5
23.86427589,37.98652512,53.75
23.86427636,37.98652606,54.13
23.86427683,37.986527,53.75
23.86427737,37.98652808,53
23.86427785,37.98652902,53.75
23.86427832,37.98652997,53
23.86427879,37.98653091,53.88
23.86427933,37.98653199,53.38
23.8642798,37.98653293,53.13
23.86429833,37.98657333,46.38
23.86429878,37.98657437,48.63
23.86429928,37.98657555,46.63
23.86430017,37.98657762,45
23.86430061,37.98657865,45.25
23.86430105,37.98657968,47.25
23.8643015,37.98658072,45.63
23.864302,37.9865819,45
23.86430245,37.98658293,45
23.86430289,37.98658397,44.25
23.86431673,37.98660847,46
23.86431909,37.98661318,47
23.86431956,37.98661412,46.63
23.8643201,37.9866152,46.38
23.86432057,37.98661614,46.38
23.86432104,37.98661709,47.13
23.86432152,37.98661803,48.75
23.86432199,37.98661897,49.13
23.86432252,37.98662005,49.13
23.864323,37.98662099,50.88
23.86434864,37.9866597,63.88
23.86434948,37.98666118,63.38
23.86435033,37.98666267,62.13
23.86435118,37.98666415,61.88
23.86435875,37.98668049,60
23.86435948,37.98668134,61
23.86436021,37.98668219,61.13
23.86436104,37.98668316,61.75
23.86436177,37.98668401,61.75
23.8643625,37.98668486,61.75
23.86436323,37.98668571,62.13
23.86436396,37.98668656,60.88
23.86436479,37.98668753,61.63
23.86436552,37.98668839,61.38
23.86436625,37.98668924,61.5
23.86436698,37.98669009,62.13
23.86436771,37.98669094,62.13
23.86436833,37.98669167,63.75
23.86436833,37.98669167,64
23.86436833,37.98669167,64
23.86436833,37.98669167,62.75
23.86436833,37.98669167,60.25
23.86436833,37.98669167,59.75
23.86437,37.98669433,60
23.86437583,37.98670367,62
23.86437694,37.98670554,63.5
23.86437748,37.98670663,63.13
23.86437796,37.98670759,63.13
23.86437843,37.98670854,64.13
23.86437891,37.98670949,63.38
23.86437939,37.98671044,64.13
23.86437993,37.98671153,62.75
23.86438041,37.98671248,63.75
23.86438088,37.98671344,62.75
23.86438136,37.98671439,63.5
23.86438184,37.98671534,62.5
23.86438238,37.98671643,62.25
23.86438286,37.98671738,62
23.86438333,37.98671833,60.88
23.86439342,37.98673181,62.63
23.864394,37.98673283,62.75
23.86439583,37.98673604,62.13
23.86439642,37.98673706,61.63
23.864397,37.98673808,62.25
23.86439767,37.98673925,61.88
23.86439825,37.98674027,62
23.86439883,37.98674129,61.88
23.86439942,37.98674231,61
23.86443525,37.98680908,60.38
23.86443613,37.98681171,58.63
23.86443642,37.98681258,58.63
23.86443671,37.98681346,59.5
23.86443704,37.98681446,60.5
23.86443733,37.98681533,61.13
23.86443763,37.98681621,60.63
23.86443792,37.98681708,60.75
23.86443825,37.98681808,59.5
23.8644454,37.98682687,64.88
23.86444611,37.98682722,66.13
23.86444692,37.98682763,65.5
23.86444763,37.98682798,65.25
23.86444833,37.98682833,66.38
23.86444904,37.98682869,67.88
23.86444975,37.98682904,67.13
23.86445046,37.98682939,67.88
23.86445126,37.9868298,68.88
23.86445197,37.98683015,69.5
23.86445268,37.98683051,70
23.86445338,37.98683086,71.25
23.86445419,37.98683126,71
23.8644549,37.98683162,72.75
23.86445913,37.98683108,74.13
23.86445995,37.98683096,75.25
23.86446078,37.98683084,76.38
23.8644616,37.98683072,77.88
23.86446254,37.98683059,78
23.86446337,37.98683047,78.38
23.86446419,37.98683035,79.75
23.86446502,37.98683024,78.88
23.86446584,37.98683012,79.63
23.86449009,37.9868041,56
23.86448945,37.98680259,56.75
23.8644888,37.98680108,57.25
23.86448151,37.98679141,59
23.86448114,37.9867908,58.38
23.86448078,37.98679019,59.38
23.86448042,37.98678958,60.25
23.86448,37.98678889,59.75
23.86447963,37.98678828,59.63
23.86447927,37.98678767,59.13
23.86447891,37.98678707,58.75
23.86447854,37.98678646,59.13
23.86447813,37.98678576,59.38
23.86447776,37.98678516,59.38
23.8644774,37.98678455,59.25
23.86447703,37.98678394,58.88
23.86447667,37.98678333,58.63
23.86445783,37.98675257,65.38
23.86445597,37.98674979,62.25
23.86445538,37.9867489,62.25
23.86445479,37.98674802,62.25
23.8644542,37.98674713,63.75
23.86445361,37.98674624,64.5
23.86445293,37.98674523,64.88
23.86445234,37.98674435,64.25
23.86445175,37.98674346,65
23.86445116,37.98674273,64.75
23.86445057,37.98674202,64.13
23.86444998,37.98674131,64.88
23.86444931,37.98674051,65.13
23.86444872,37.9867398,65.25
23.86444813,37.98673909,64.5
23.86444754,37.98673838,63.88
23.86444695,37.98673768,64
23.86444628,37.98673687,64
23.86444569,37.98673616,64.63
23.8644451,37.98673545,64.75
23.86444451,37.98673475,65.5
23.86444392,37.98673404,66.13
23.86442993,37.98670655,61.75
23.86442946,37.98670572,62
23.86442899,37.9867049,60.75
23.86442845,37.98670396,61.88
23.86442798,37.98670313,62.25
23.86442751,37.98670231,62.75
23.86442704,37.98670148,62.63
23.86442656,37.98670066,63.38
23.86442603,37.98669971,63
23.86442556,37.98669889,63.63
23.86442509,37.98669806,63.13
23.86442461,37.98669724,63.75
23.86442414,37.98669641,64.88
23.86442367,37.98669559,65.13
23.86440958,37.98666406,68.13
23.86440783,37.98666013,68.88
23.86440717,37.98665862,68.38
23.86440658,37.98665731,68.75
23.864406,37.986656,68.25
23.86440542,37.98665469,67.75
23.86440483,37.98665338,67.5
23.86440417,37.98665188,67.88
23.86440358,37.98665056,67.38
23.86438104,37.98661323,63.38
23.86438051,37.98661242,63.38
23.86438003,37.98661172,62.88
23.86437956,37.98661101,63.25
23.86437909,37.9866103,63.63
23.86437862,37.9866096,63
23.86437815,37.98660889,62.5
23.86437761,37.98660808,61.38
23.86437714,37.98660737,60.5
23.86437667,37.98660667,61
23.86435111,37.98656537,51.13
23.86434843,37.9865591,49.38
23.86434778,37.98655759,49.88
23.86434713,37.98655608,49.75
23.86430303,37.98648252,51
23.86430267,37.98648156,51
23.86430231,37.98648061,50.88
23.86430195,37.98647966,52.25
23.8643016,37.98647871,52.38
23.86430119,37.98647762,52.88
23.86430083,37.98647667,52.75
23.86430048,37.98647571,52.75
23.86430012,37.98647476,53.75
23.86429976,37.98647381,53.25
23.86429935,37.98647272,53.13
23.864299,37.98647177,55
23.86429864,37.98647082,55.13
23.8642915,37.98645637,55.38
23.86429099,37.98645549,55.25
23.86428914,37.98645224,55.5
23.86428855,37.9864512,54.88
23.86428787,37.98645002,53.38
23.86428728,37.98644899,52.63
23.86428669,37.98644795,52.38
23.8642861,37.98644692,52
23.86428551,37.98644589,52.13
23.86424975,37.98636399,35.5
23.86424882,37.98636027,37.63
23.86424852,37.98635909,36.25
23.86424823,37.98635791,36.5
23.86424793,37.98635673,36.88
23.86424764,37.98635555,37.75
23.8642473,37.9863542,37
23.864247,37.98635302,36.75
23.86424667,37.98635167,38.13
23.86423331,37.98632987,33.75
23.86423316,37.98632896,34.88
23.8642327,37.98632623,34.38
23.86423253,37.98632519,35.38
23.86423238,37.98632429,35
23.86423223,37.98632338,34.38
23.86423208,37.98632247,34.38
23.86423193,37.98632156,34.13
23.86423175,37.98632052,34
23.8642349,37.98630704,33.63
23.86423573,37.98630671,29.75
23.86423646,37.98630642,32.88
23.86423719,37.98630612,33.75
23.86423792,37.98630583,33.75
23.86423865,37.98630554,31.5
23.86423948,37.98630521,33.75
23.86426052,37.98630188,40.75
23.86426281,37.98630279,40.13
23.86426344,37.98630304,40.25
23.86426427,37.98630337,39.38
23.864265,37.98630367,40.63
23.86426573,37.98630396,40.25
23.86426646,37.98630425,38
23.86426719,37.98630454,39.38
23.86426802,37.98630488,41.5
23.86427514,37.98631367,39.38
23.8642754,37.98631434,40.25
23.86427564,37.98631493,40.38
23.86427588,37.98631552,41.38
23.86427611,37.98631611,41.38
23.86427635,37.9863167,40.63
23.86427662,37.98631737,39.38
23.86427685,37.98631796,39.75
23.86427709,37.98631855,40.25
23.86427732,37.98631914,39.63
23.86427756,37.98631973,39.38
23.86427783,37.9863204,37.63
23.86427806,37.98632099,38.88
23.86427833,37.98632167,38.63
23.86428394,37.98633061,40.25
23.86428465,37.98633131,40
23.86428535,37.98633202,40.63
23.86428606,37.98633273,40.88
23.86428687,37.98633354,39
23.86428757,37.98633424,38.75
23.86428828,37.98633495,39.5
23.86428899,37.98633566,39.38
23.8642897,37.98633636,39.75
23.86429051,37.98633717,39.25
23.86429121,37.98633788,40.5
23.86429192,37.98633859,39.63
23.86429263,37.98633929,41.13
23.86430928,37.98636922,51.75
23.86430987,37.98637055,51.5
23.86431046,37.98637188,50.88
23.86431114,37.9863734,50.13
23.86431173,37.98637473,49.75
23.86431232,37.98637605,49.63
23.86431291,37.98637738,49.38
23.86432849,37.98641369,37.38
23.8643289,37.98641464,39.13
23.86432925,37.98641548,39
23.86432961,37.98641631,38.63
23.86432997,37.98641714,39
23.86433032,37.98641798,38.13
23.86433073,37.98641893,38.38
23.86433109,37.98641976,37.75
23.86433145,37.9864206,38.88
23.8643318,37.98642143,37.88
23.86433216,37.98642226,37.88
23.86433257,37.98642321,38
23.86433292,37.98642405,38
23.86433333,37.986425,36.5
23.86434338,37.98644125,36.5
23.86434374,37.98644219,36.38
23.86434409,37.98644313,36.38
23.86434445,37.98644407,36.38
23.8643448,37.98644502,38
23.8643452,37.98644609,37.25
23.86434556,37.98644704,37.63
23.86434591,37.98644798,37.25
23.86434626,37.98644892,36.75
23.86434667,37.98645,37.5
23.86434718,37.98645071,37.5
23.86434786,37.98645167,37
23.86434845,37.9864525,37.13
23.86434905,37.98645333,36.38
23.86434964,37.98645417,36.88
23.86435024,37.986455,37
23.86435092,37.98645595,38.13
23.86435151,37.98645679,37.13
23.86435211,37.98645762,37.75
23.8643527,37.98645845,37.88
23.8643533,37.98645929,37.88
23.86435398,37.98646024,37.75
23.86435458,37.98646107,38.13
23.8643768,37.98650694,60.13
23.86437923,37.98651178,62.5
23.8643797,37.98651273,62.13
23.86438017,37.98651367,62.75
23.86438064,37.98651461,63
23.86438111,37.98651556,63.63
23.86438165,37.98651663,62.75
23.86438212,37.98651758,62.38
23.86438259,37.98651852,63.13
23.86438306,37.98651946,63.5
23.8644005,37.986556,62.88
23.86440233,37.98655967,64.38
23.86440292,37.98656083,64.13
23.8644035,37.986562,64.25
23.86440408,37.98656317,63.75
23.86440467,37.98656433,64.13
23.86440533,37.98656567,64.25
23.86440592,37.98656683,63.13
23.86440658,37.98656817,63.75
23.8644154,37.98657914,63.25
23.86441587,37.98658008,62.75
23.86441635,37.98658103,61.25
23.86441682,37.98658197,61.63
23.86441736,37.98658305,61.75
23.86441783,37.98658399,61.5
23.8644183,37.98658493,61.25
23.86441877,37.98658588,61.38
23.86441924,37.98658682,61.13
23.86441971,37.98658776,61.25
23.86442025,37.98658884,60.63
23.86442072,37.98658978,60.63
23.86442119,37.98659072,60.63
23.86445006,37.98664475,63.38
23.86445078,37.98664576,64.88
23.8644515,37.98664677,65
23.86445232,37.98664792,64.38
23.86445305,37.98664893,63.88
23.86445377,37.98664994,63.75
23.86445449,37.98665095,63.63
23.86445517,37.98665187,64.63
23.86445585,37.98665269,65.38
23.86445644,37.9866534,65.38
23.86445704,37.98665412,64.88
23.86445764,37.98665483,63.88
23.86445823,37.98665554,64.63
23.86445891,37.98665636,64.5
23.86445951,37.98665707,64.75
23.8644601,37.98665779,64.63
23.8644607,37.9866585,64.75
23.86446129,37.98665922,64.38
23.86446189,37.98665993,63.63
23.86446257,37.98666075,64.13
23.86446333,37.98666167,64.38
23.86447195,37.98667267,65
23.86447282,37.9866757,64.75
23.86447311,37.98667671,65.13
23.8644734,37.98667772,64.75
23.86447373,37.98667887,64.88
23.86447401,37.98667988,64.88
23.8644743,37.98668088,63.75
23.86447459,37.98668189,65.25
23.86447492,37.98668305,63.25
23.86447526,37.98668385,61.75
23.86447562,37.98668457,61.25
23.86447598,37.98668529,61.88
23.86447634,37.98668601,62.13
23.8644767,37.98668674,63.25
23.86447711,37.98668756,63.88
23.86447748,37.98668828,64
23.86447783,37.986689,63.88
23.8644782,37.98668973,63.25
23.86447856,37.98669045,63.13
23.86447897,37.98669127,62.75
23.86447933,37.98669199,62.75
23.86447969,37.98669271,63.13
23.86448673,37.98670513,62.13
23.86448717,37.986706,61.5
23.86448854,37.98670875,60.13
23.86448898,37.98670963,59.5
23.86448942,37.9867105,60.38
23.86448992,37.9867115,60.25
23.86449036,37.98671238,60
23.86449079,37.98671325,60.5
23.86449123,37.98671412,59.5
23.864507,37.98674133,57.63
23.86450744,37.98674235,57.88
23.86450788,37.98674338,57.75
23.86450838,37.98674454,57.88
23.86450881,37.98674556,57.25
23.86450925,37.98674658,57.75
23.86450969,37.9867476,57.13
23.86452209,37.98677146,58
23.86452256,37.98677217,58.88
23.8645231,37.98677298,58.63
23.86452357,37.98677369,57.5
23.86452404,37.98677439,58.75
23.86452451,37.9867751,59.5
23.86452498,37.98677581,60.75
23.86452545,37.98677652,60.75
23.86452599,37.98677732,60.63
23.86452647,37.98677803,62.63
23.86456077,37.98678423,73.38
23.86456509,37.98677991,71
23.86456633,37.98677867,70.63
23.86456741,37.98677759,70
23.86456993,37.9867682,55.75
23.86456969,37.98676772,56.13
23.86456946,37.98676724,55.38
23.86456922,37.98676677,55.25
23.86456898,37.98676629,55.75
23.86456871,37.98676575,54.25
23.86456847,37.98676527,54.25
23.86456823,37.9867648,53.88
23.86456799,37.98676432,53.63
23.86456775,37.98676384,54
23.86456748,37.9867633,54.13
23.86456725,37.98676282,51.88
23.86456701,37.98676235,52.25
23.86456677,37.98676187,51.88
23.86455656,37.98674146,56.13
23.86455632,37.98674097,56.25
23.86455608,37.98674049,54.63
23.86455583,37.98674,54.63
23.86455559,37.98673951,56.5
23.86455531,37.98673896,57.75
23.86455507,37.98673847,57.75
23.86455483,37.98673799,58
23.86455458,37.9867375,58.25
23.86455434,37.98673701,58.25
23.86455406,37.98673646,58.25
23.86455382,37.98673597,57.88
23.86455358,37.98673549,58.88
23.86455333,37.986735,58.5
23.86453136,37.98669429,59.63
23.86453101,37.98669347,59.38
23.86453066,37.98669264,60
23.8645303,37.98669182,59.88
23.8645299,37.98669088,61
23.86452955,37.98669005,61.75
23.86452919,37.98668923,61
23.86452884,37.9866884,60.75
23.86452849,37.98668758,60.5
23.86452808,37.98668663,60.25
23.86452773,37.98668581,61.13
23.86452737,37.98668498,61.25
23.86452702,37.98668416,61
23.86450908,37.98665021,62.25
23.8645085,37.98664875,63.13
23.86450792,37.98664729,62.63
23.86450733,37.98664583,61.88
23.86450667,37.98664417,60.63
23.86450608,37.98664271,61.25
23.8645055,37.98664125,61
23.86449493,37.98662155,60.13
23.86449251,37.98661731,62
23.86449197,37.98661636,61.75
23.8644915,37.98661554,60.75
23.86449103,37.98661471,61.88
23.86449056,37.98661389,61
23.86449009,37.98661306,61
23.86448961,37.98661224,61.5
23.86448907,37.9866113,62.38
23.8644886,37.98661047,61.63
23.86446542,37.98656585,61.13
23.86446479,37.98656458,61.25
23.86446415,37.9865633,61.25
23.86446352,37.98656203,61
23.86445802,37.98654979,64.25
23.86445766,37.98654955,64.75
23.86445729,37.98654931,65
23.86445687,37.98654903,65.25
23.86445651,37.98654878,64.75
23.86445615,37.98654854,64.75
23.86445578,37.9865483,65
23.86445542,37.98654806,64.63
23.864455,37.98654778,62.63
23.86445464,37.98654753,62.63
23.86445427,37.98654729,61.88
23.86445391,37.98654705,65
23.86445354,37.98654681,66
23.864435,37.98651533,64.63
23.86443427,37.98651431,64.13
23.86443344,37.98651315,64
23.86443271,37.98651212,64.25
23.86443198,37.9865111,62.13
23.86443125,37.98651008,64
23.86443052,37.98650906,64
23.86441449,37.98648074,54.25
23.86441222,37.98647667,53.25
23.8644115,37.98647537,52.25
23.86441078,37.98647407,51.5
23.86440996,37.98647259,50.25
23.86440924,37.9864713,50.63
23.86440852,37.98647,49.13
23.8644078,37.9864687,49.38
23.86440708,37.98646741,48.88
23.86440636,37.98646621,47.75
23.86440556,37.986465,46.5
23.86440485,37.98646394,46
23.86440414,37.98646288,45.63
23.86440344,37.98646182,45.25
23.86440273,37.98646076,45.13
23.86440192,37.98645955,44.25
23.86440121,37.98645848,43.38
23.8644005,37.98645742,43.75
23.8643998,37.98645636,42.88
23.86439909,37.9864553,43.88
23.86439828,37.98645409,44
23.86439758,37.98645303,43.88
23.86439687,37.98645197,42.88
23.86438,37.98642,35
23.86437953,37.98641906,35.13
23.86437906,37.98641811,34.88
23.86437859,37.98641717,31.63
23.86437812,37.98641623,34.75
23.86437764,37.98641529,31.88
23.8643771,37.98641421,31.63
23.86437663,37.98641327,28.88
23.86437616,37.98641232,33.63
23.86437569,37.98641138,33.13
23.86437522,37.98641044,33.38
23.86437468,37.98640936,34.63
23.86437421,37.98640842,35.25
23.86437374,37.98640747,34.88
23.864359,37.986377,38.38
23.86435842,37.98637598,37.88
23.86435783,37.98637496,37.38
23.86435725,37.98637394,37.25
23.86435667,37.98637292,37.75
23.864356,37.98637175,36.25
23.86435542,37.98637073,37.13
23.8643412,37.98634574,45.13
23.86434072,37.98634478,46.13
23.86434017,37.98634368,46.75
23.86433969,37.98634271,46.38
23.86433921,37.98634175,48.13
23.86433873,37.98634079,48.75
23.86433825,37.98633983,48.88
23.86433777,37.98633887,48.63
23.86433722,37.98633777,48.63
23.86432157,37.98629939,43.25
23.86432145,37.98629869,42.63
23.86432133,37.98629798,41.75
23.86432121,37.98629727,41.25
23.86432108,37.98629646,40.5
23.86432096,37.98629576,39.5
23.86432084,37.98629505,39.38
23.86432072,37.98629434,39.38
23.86432061,37.98629364,39.38
23.86432047,37.98629283,38.13
23.86432035,37.98629212,39.38
23.86432024,37.98629141,38.25
23.86432012,37.98629071,38.25
23.86439383,37.98633253,33.5
23.86439564,37.9863357,33.88
23.86439621,37.98633671,34.5
23.86439679,37.98633772,35
23.86439737,37.98633872,33.88
23.86439803,37.98633988,34.75
23.8643986,37.98634088,31.5
23.86439918,37.98634189,35.13
23.86439975,37.9863429,35.13
23.86440014,37.98634388,35.13
23.86440041,37.98634497,34.75
23.86440065,37.98634592,34.88
23.86440088,37.98634687,35.5
23.86440112,37.98634782,35.5
23.86440136,37.98634878,36
23.86440163,37.98634986,35.75
23.86440187,37.98635082,36.13
23.86440211,37.98635177,36.38
23.86440235,37.98635272,36.5
23.86440259,37.98635367,36
23.86440286,37.98635476,36.63
23.8644031,37.98635571,37.25
23.86441833,37.98637667,42.25
23.86441892,37.98637737,42.25
23.8644196,37.98637818,41.38
23.86442019,37.98637889,43
23.86442077,37.9863796,43.75
23.86442136,37.9863803,44.5
23.86442195,37.98638101,45.13
23.86442263,37.98638182,44.25
23.86442321,37.98638253,46.5
23.86442381,37.98638323,46.13
23.86442439,37.98638394,49.38
23.86442498,37.98638465,49.88
23.86442566,37.98638545,50.88
23.86442625,37.98638616,51.75
23.86444373,37.98641648,61.88
23.86444417,37.9864175,61.63
23.8644446,37.98641852,62.75
23.86444504,37.98641954,63.25
23.86444548,37.98642056,64.38
23.86444592,37.98642158,65.63
23.86444642,37.98642275,64.5
23.86445883,37.98644921,65.38
23.86446067,37.98645242,65.5
23.86446125,37.98645344,65.25
23.86446183,37.98645446,65.88
23.86446242,37.98645548,65.13
23.864463,37.9864565,65.75
23.86446367,37.98645767,66.25
23.86446425,37.98645869,66.25
23.86446492,37.98645985,66.88
23.86447675,37.98648513,65.38
23.86447733,37.986486,63.88
23.86447917,37.98648875,64.88
23.86447975,37.98648962,64.63
23.86448033,37.9864905,64
23.86448092,37.98649138,64.25
23.86448158,37.98649237,65
23.86448217,37.98649325,64.38
23.86448275,37.98649413,62.63
23.86448333,37.986495,63
23.86449358,37.98652044,65.88
23.864496,37.98652467,68.25
23.86449658,37.98652569,67.88
23.86449725,37.98652685,67.75
23.86449783,37.98652788,67.63
23.86449842,37.9865289,67
23.864499,37.98652992,66.88
23.86449958,37.98653094,67.25
23.86452687,37.98657861,61.63
23.86452728,37.98657915,62.75
23.86452764,37.98657963,63.38
23.86452799,37.9865801,62.13
23.86452835,37.98658058,61.63
23.86452871,37.98658105,62.25
23.86452912,37.9865816,62.88
23.86452947,37.98658207,63.25
23.86452983,37.98658255,62
23.86453019,37.98658303,62.88
23.86453055,37.9865835,61.38
23.86453095,37.98658405,60.63
23.86453131,37.98658452,60.75
23.86453167,37.986585,60.88
23.86453506,37.98659175,60.38
23.8645355,37.98659233,61.13
23.86453687,37.98659417,60.38
23.86453731,37.98659475,61
23.86453775,37.98659533,61
23.86453819,37.98659592,61.5
23.86453869,37.98659658,61.63
23.86453913,37.98659717,62
23.86453956,37.98659775,61.25
23.86454,37.98659833,62.38
23.86454012,37.9865988,62.13
23.86454024,37.98659928,61.63
23.86454037,37.98659981,61.88
23.86454049,37.98660029,62.25
23.86454061,37.98660076,62.25
23.86454072,37.98660123,60.5
23.86454084,37.9866017,60.5
23.86454096,37.98660217,60.38
23.8645411,37.98660271,60.38
23.86454121,37.98660318,59.75
23.86454133,37.98660365,59.5
23.86454145,37.98660412,58.5
23.86454157,37.9866046,59.25
23.86458687,37.98668874,59
23.86458727,37.98668955,59.88
23.86458763,37.98669025,59.13
23.86458798,37.98669096,58.25
23.86458833,37.98669167,59.5
23.86458869,37.98669237,59.5
23.86458909,37.98669318,59.63
23.86458945,37.98669389,59.13
23.8645898,37.9866946,58.75
23.86459015,37.9866953,59.38
23.8645905,37.98669601,59
23.86459086,37.98669672,58.88
23.86459126,37.98669753,58.25
23.86459162,37.98669823,57.13
23.8646,37.98671,56.75
23.86460177,37.98671354,55
23.86460217,37.98671434,54.63
23.86460252,37.98671505,54.13
23.86460288,37.98671576,54.25
23.86460323,37.98671646,54.63
23.86460359,37.98671717,53.88
23.86460399,37.98671798,54.63
23.86460434,37.98671869,54.38
23.8646047,37.98671939,54.75
23.86461692,37.98675375,57.13
23.86461873,37.98675677,57.88
23.86461917,37.9867575,57.5
23.86461961,37.98675823,57.5
23.86462004,37.98675896,56.63
23.86462048,37.98675969,58.25
23.86462092,37.98676042,59.25
23.86462142,37.98676125,58.88
23.86467217,37.98678293,67.75
23.86467276,37.98678246,66.88
23.86467335,37.98678199,67
23.86467394,37.98678152,65.88
23.86467461,37.98678098,66
23.8646752,37.98678051,65.5
23.86467579,37.98678003,66.38
23.86467638,37.98677956,65.13
23.86467697,37.98677909,65.38
23.86467764,37.98677855,66.13
23.86467823,37.98677808,65.25
23.86467882,37.98677761,65.5
23.86467941,37.98677714,64.63
23.86468154,37.98676971,63
23.8646811,37.98676869,62.63
23.86467979,37.98676562,61.88
23.86467929,37.98676446,61.38
23.86467885,37.98676344,61.5
23.86467842,37.98676242,61.38
23.86467798,37.9867614,62
23.86467754,37.98676038,63
23.86467704,37.98675921,63.63
23.86467662,37.98675823,63.13
23.86467626,37.98675753,63.63
23.86467591,37.98675682,62.63
23.86467556,37.98675611,64
23.86467515,37.9867553,63.75
23.8646748,37.9867546,64.38
23.86467444,37.98675389,63.13
23.86467409,37.98675318,63.75
23.86467374,37.98675247,63.38
23.86467333,37.98675167,63.13
23.86467298,37.98675096,62.5
23.86467263,37.98675025,63
23.86467227,37.98674955,64
23.86467192,37.98674884,63.88
23.86466533,37.98673433,57.75
23.864665,37.98673333,58.13
23.86466471,37.98673246,57.88
23.86466442,37.98673158,57.5
23.86466413,37.98673071,57
23.86466383,37.98672983,56.5
23.8646635,37.98672883,56.63
23.86464962,37.98670925,53.25
23.86464831,37.98670662,52
23.86464787,37.98670575,52.88
23.86464738,37.98670475,52.63
23.86464694,37.98670388,52.5
23.8646465,37.986703,52.75
23.86464606,37.98670213,52.25
23.86464556,37.98670113,52
23.86464512,37.98670025,50.88
23.86463,37.98667833,58.25
23.86462764,37.9866748,59
23.86462717,37.98667409,59
23.8646267,37.98667338,60
23.86462623,37.98667268,59.63
23.86462569,37.98667187,60.13
23.86462522,37.98667116,59
23.86462475,37.98667045,59.75
23.86462428,37.98666975,59.38
23.86462374,37.98666894,60.13
23.86460981,37.98662962,57.13
23.864608,37.986626,55.25
23.86460756,37.98662513,55.13
23.86460712,37.98662425,53.63
23.86460663,37.98662325,54.75
23.86460619,37.98662238,54.38
23.86460575,37.9866215,54.63
23.86460531,37.98662063,54.38
23.86459641,37.98660798,57.5
23.86459582,37.98660715,56.25
23.86459523,37.98660633,56.5
23.86459456,37.98660539,55.75
23.86459397,37.98660456,57
23.86459338,37.98660374,56.13
23.8645928,37.98660291,57.75
23.86459221,37.98660209,58.75
23.86459153,37.98660114,59
23.86459094,37.98660032,58.88
23.86459035,37.98659949,58.75
23.86458977,37.98659867,59.38
23.86458917,37.98659785,60.5
23.8645885,37.9865969,60.5
23.86457299,37.98657116,63.13
23.86457252,37.98657044,63.75
23.86457204,37.98656973,63.63
23.8645715,37.98656891,64.5
23.86457102,37.9865682,65.25
23.86457054,37.98656748,63.88
23.86457007,37.98656677,63.75
23.86456959,37.98656605,61.88
23.86456911,37.98656534,65.13
23.86456857,37.98656452,64.88
23.86456809,37.98656381,64.13
23.86456762,37.9865631,64.25
23.86456714,37.98656238,62.63
23.86452292,37.98647427,65.75
23.86452108,37.98647106,64.63
23.8645205,37.98647004,64.63
23.86451992,37.98646902,65.88
23.86451933,37.986468,65.63
23.86451875,37.98646698,65.13
23.86451817,37.98646596,65.25
23.8645175,37.98646479,64.38
23.86451692,37.98646377,64.88
23.86450438,37.98643657,59
23.8645039,37.98643586,60.25
23.86450337,37.98643505,59.75
23.8645029,37.98643434,59
23.86450243,37.98643364,58.25
23.86450195,37.98643293,57.88
23.86450148,37.98643222,59
23.86450101,37.98643152,58.63
23.86450047,37.98643071,58.63
23.8645,37.98643,60.25
23.86448009,37.98638685,55.25
23.86447945,37.98638556,56
23.8644788,37.98638426,54.88
23.86446993,37.98636976,52.88
23.8644697,37.98636894,52.38
23.86446943,37.986368,51.63
23.86446919,37.98636717,49.88
23.86446896,37.98636635,51.25
23.86446872,37.98636552,51
23.86446849,37.9863647,49.75
23.86446821,37.98636375,48.88
23.86446798,37.98636293,46.88
23.86446774,37.9863621,48
23.86446751,37.98636128,49.13
23.86446727,37.98636045,48.75
23.86446704,37.98635963,49.38
23.86446677,37.98635869,47
23.86446667,37.98635833,46.13
23.86446658,37.98635812,44.5
23.86446594,37.98635664,45.38
23.86446394,37.98635197,43.13
23.8644633,37.98635048,44.13
23.86446267,37.986349,42.88
23.86446203,37.98634752,42.5
23.86445465,37.98633111,37.75
23.86445404,37.98633012,37.25
23.86445342,37.98632914,34.63
23.86445272,37.98632802,34.75
23.86445211,37.98632704,34.75
23.86445149,37.98632605,33.63
23.86445088,37.98632507,33.38
23.86445026,37.98632409,33
23.86444956,37.98632296,34
23.86444895,37.98632198,34
23.86444833,37.986321,33.13
23.86444772,37.98632002,30.75
23.86444711,37.98631904,31.13
23.86444667,37.98631833,30.88
23.86444667,37.98631833,31.88
23.86444667,37.98631833,30.38
23.86444667,37.98631833,30
23.86444667,37.98631833,29.88
23.86444667,37.98631833,30.38
23.86444567,37.98631633,30.38
23.86444217,37.98630933,32.25
23.86444167,37.98630786,32.13
23.86444167,37.9863069,31.88
23.86444167,37.98630607,33.25
23.86444167,37.98630524,32.25
23.86444167,37.9863044,32.38
23.86444167,37.98630357,31.5
23.86444167,37.98630262,32.25
23.86444167,37.98630179,31.38
23.86444167,37.98630095,30.75
23.86444167,37.98630012,31.63
23.86444167,37.98629929,31.88
23.86444167,37.98629845,30.63
23.86444167,37.9862975,32.38
23.86444167,37.98629667,33.25
23.86444682,37.98628329,37.88
23.86444785,37.986283,38.38
23.8644511,37.98628207,38.75
23.86445213,37.98628177,38.38
23.86445317,37.98628148,38.13
23.8644542,37.98628118,39.38
23.86445538,37.98628084,39.75
23.86445641,37.98628055,39.13
23.86445745,37.98628025,39.25
23.86449551,37.98632243,61
23.86449728,37.98632508,59.88
23.86449787,37.98632597,58
23.86449855,37.98632698,59.25
23.86449913,37.98632787,59.25
23.86449973,37.98632876,59
23.86450032,37.98632964,59.38
23.86450091,37.98633053,58.75
23.86450167,37.98633167,60.13
23.86451853,37.98635412,60.88
23.86451924,37.98635495,60.25
23.86451995,37.98635577,60.75
23.86452066,37.9863566,60.38
23.86452136,37.98635742,61.25
23.86452217,37.98635837,61.13
23.86452288,37.98635919,61.63
23.86452359,37.98636002,61.13
23.86452429,37.98636084,61.5
23.864525,37.98636167,61.38
23.86454056,37.98639796,62.25
23.86454324,37.98640423,63.63
23.86454389,37.98640574,63.5
23.86454454,37.98640725,63.75
23.86455708,37.9864324,64.63
23.8645595,37.98643663,65
23.86456008,37.98643765,64
23.86456067,37.98643867,64.75
23.86456125,37.98643969,63.5
23.86456183,37.98644071,63.25
23.86456242,37.98644173,62
23.86456308,37.9864429,61.63
23.86459857,37.9865034,57
23.86459901,37.98650458,57.63
23.86459951,37.98650593,57.63
23.86459996,37.98650711,57.38
23.8646004,37.98650829,57.88
23.86460084,37.98650947,57.25
23.86460129,37.98651065,58.13
23.86463205,37.98656922,54.75
23.86463344,37.98657247,54.25
23.86463388,37.9865735,54.5
23.86463433,37.98657454,55.5
23.86463477,37.98657557,54.63
23.86463528,37.98657675,55.13
23.86463572,37.98657778,54.75
23.86463616,37.98657882,55
23.86463667,37.98658,53.5
23.8646404,37.98659237,54
23.86464087,37.9865932,53.5
23.86464135,37.98659402,53.63
23.86464189,37.98659497,53.5
23.86464236,37.98659579,53.38
23.86464283,37.98659662,53.38
23.8646433,37.98659744,53.88
23.86464377,37.98659827,53
23.86464431,37.98659921,53.63
23.86464478,37.98660003,53
23.86464525,37.98660086,53.38
23.86464572,37.98660168,53.63
23.86464619,37.98660251,53.25
23.86464672,37.98660342,54.13
23.86464854,37.98660645,52.88
23.86464889,37.98660704,52.88
23.86464924,37.98660763,53
23.8646496,37.98660822,53.38
23.86464995,37.9866088,53.88
23.86465035,37.98660948,52.88
23.86465071,37.98661007,53.25
23.86465106,37.98661066,53.25
23.86465141,37.98661125,54.25
23.86466514,37.98663351,52.5
23.86466761,37.9866366,54.5
23.86466809,37.9866372,54.25
23.86466857,37.9866378,54.88
23.86466906,37.9866384,54.13
23.86466954,37.986639,54.25
23.86467009,37.98663969,54
23.86467057,37.98664029,53.13
23.86467105,37.98664089,53.63
23.86467167,37.98664167,53.63
23.86467515,37.98665364,54.38
23.86467551,37.98665434,53.5
23.86467591,37.98665515,53.25
23.86467626,37.98665586,53.13
23.86467662,37.98665657,53.75
23.86467697,37.98665727,53.5
23.86467732,37.98665798,54.25
23.86467773,37.98665879,54.75
23.86467808,37.98665949,55.88
23.86467843,37.9866602,54.63
23.86467879,37.98666091,55.38
23.86467914,37.98666162,55.75
23.8646795,37.98666232,55.5
23.8646799,37.98666313,54.63
23.86468694,37.98667374,60.5
23.86468748,37.98667455,60.63
23.86468795,37.98667525,61
23.86468842,37.98667596,61.25
23.86468889,37.98667667,61.13
23.86468936,37.98667737,59.5
23.8646899,37.98667818,59.5
23.86469037,37.98667889,59
23.86469084,37.9866796,58.88
23.86469131,37.9866803,60
23.86469179,37.98668101,59.13
23.86469232,37.98668182,60.25
23.8646928,37.98668253,61.38
23.86469327,37.98668323,60.13
23.86469354,37.98668394,60.5
23.86469377,37.98668465,61.38
23.86469401,37.98668535,62.38
23.86469428,37.98668616,61.63
23.86469451,37.98668687,63.5
23.86469475,37.98668758,61.75
23.86469498,37.98668828,60.63
23.86469522,37.98668899,60.75
23.86469546,37.9866897,60
23.86469572,37.98669051,60.75
23.86469596,37.98669121,59.75
23.8646962,37.98669192,60.63
23.86469643,37.98669263,61.88
23.86470838,37.98671345,63.5
23.86470874,37.98671428,64.63
23.86470909,37.9867151,64
23.86470944,37.98671593,63.5
23.86470985,37.98671687,63.75
23.8647102,37.98671769,64
23.86471055,37.98671852,63.63
23.86471091,37.98671934,64
23.86471126,37.98672017,64.25
23.86471167,37.98672111,65
23.86471202,37.98672194,63
23.86471237,37.98672276,64.38
23.86471273,37.98672359,64
23.86471308,37.98672441,63.63
23.86472105,37.98674006,67.25
23.86472163,37.98674078,66.13
23.8647222,37.9867415,65.63
23.86472278,37.98674222,64.5
23.86472335,37.98674294,67.5
23.86472401,37.98674377,66.25
23.86472459,37.98674449,65.75
